{
  "project_info": {
    "project_number": "779160102426",
    "firebase_url": "https://glogind.firebaseio.com",
    "project_id": "glogind",
    "storage_bucket": "glogind.appspot.com"
  },
  "client": [
    {
      "client_info": {
        "mobilesdk_app_id": "1:779160102426:android:7b5562e14d38810afcd3a3",
        "android_client_info": {
          "package_name": "com.thundersharp.glogind"
        }
      },
      "oauth_client": [
        {
          "client_id": "779160102426-qijosp8hk20sh5tenl7p7ev08dp22bad.apps.googleusercontent.com",
          "client_type": 3
        }
      ],
      "api_key": [
        {
          "current_key": "AIzaSyBQ0atvC5BWvLCmPptCgt5MP76GWRHRyIY"
        }
      ],
      "services": {
        "appinvite_service": {
          "other_platform_oauth_client": [
            {
              "client_id": "779160102426-qijosp8hk20sh5tenl7p7ev08dp22bad.apps.googleusercontent.com",
              "client_type": 3
            }
          ]
        }
      }
    }
  ],
  "configuration_version": "1"
}